{
  "case14_ieee": {
    "n_bus": 14,
    "n_boundary": 5,
    "boundary_frac": 0.35714285714285715,
    "k_used": 5,
    "p_retained_mass": 0.9999999999999998,
    "coarse_offdiag_density": 1.0,
    "coarse_edge_mass_kept": 1.0000000000000002,
    "operator_time_s": 0.00650683298590593,
    "tol": 0.001,
    "n_scenarios": 2048,
    "per_scenario_time_s": 0.6506504580029286,
    "target_frac": 0.27,
    "source": "parquet+v_aff",
    "vhat_abs_err_median": 0.007608671202615555,
    "vhat_abs_err_p90": 0.016350608587423612,
    "vhat_abs_err_max": 0.02983914686565614,
    "total_time_s": 1.7361152919766027,
    "status": "PASS"
  },
  "case30_ieee": {
    "n_bus": 30,
    "n_boundary": 6,
    "boundary_frac": 0.2,
    "k_used": 6,
    "p_retained_mass": 1.0,
    "coarse_offdiag_density": 1.0,
    "coarse_edge_mass_kept": 1.0,
    "operator_time_s": 0.0006960000027902424,
    "tol": 0.001,
    "n_scenarios": 2048,
    "per_scenario_time_s": 0.6614846249867696,
    "target_frac": 0.27,
    "source": "parquet+v_aff",
    "vhat_abs_err_median": 0.015217235808654164,
    "vhat_abs_err_p90": 0.02184059913214653,
    "vhat_abs_err_max": 0.04259051237194438,
    "total_time_s": 1.5981110419961624,
    "status": "PASS"
  },
  "case57_ieee": {
    "n_bus": 57,
    "n_boundary": 7,
    "boundary_frac": 0.12280701754385964,
    "k_used": 7,
    "p_retained_mass": 1.0,
    "coarse_offdiag_density": 0.8095238095238095,
    "coarse_edge_mass_kept": 0.9999999999999999,
    "operator_time_s": 0.0007844170031603426,
    "tol": 0.001,
    "n_scenarios": 2048,
    "per_scenario_time_s": 0.6714487920107786,
    "target_frac": 0.27,
    "source": "parquet+v_aff",
    "vhat_abs_err_median": 0.00857643931191255,
    "vhat_abs_err_p90": 0.01820600122232794,
    "vhat_abs_err_max": 0.039321553069927774,
    "total_time_s": 1.6311233329761308,
    "status": "PASS"
  },
  "case118_ieee": {
    "n_bus": 118,
    "n_boundary": 54,
    "boundary_frac": 0.4576271186440678,
    "k_used": 16,
    "p_retained_mass": 1.0,
    "coarse_offdiag_density": 0.10971348707197764,
    "coarse_edge_mass_kept": 1.0,
    "operator_time_s": 0.0017470830061938614,
    "tol": 0.001,
    "n_scenarios": 1024,
    "per_scenario_time_s": 0.37863395898602903,
    "target_frac": 0.27,
    "source": "parquet+v_aff",
    "vhat_abs_err_median": 0.0020043359766794247,
    "vhat_abs_err_p90": 0.01183806401882136,
    "vhat_abs_err_max": 0.0351326557282882,
    "total_time_s": 0.9284437079913914,
    "status": "PASS"
  },
  "case500_goc": {
    "n_bus": 500,
    "n_boundary": 113,
    "boundary_frac": 0.226,
    "k_used": 32,
    "p_retained_mass": 0.9909408797923424,
    "coarse_offdiag_density": 0.5270227560050569,
    "coarse_edge_mass_kept": 0.9997954165370664,
    "operator_time_s": 0.008382125000935048,
    "tol": 0.001,
    "n_scenarios": 512,
    "per_scenario_time_s": 0.2024842500104569,
    "target_frac": 0.27,
    "source": "parquet+v_aff",
    "vhat_abs_err_median": 0.018490533296484594,
    "vhat_abs_err_p90": 0.05126983768066179,
    "vhat_abs_err_max": 0.21357195195947498,
    "total_time_s": 0.6344000000099186,
    "status": "PASS"
  },
  "case2000_goc": {
    "n_bus": 2000,
    "n_boundary": 348,
    "boundary_frac": 0.174,
    "k_used": 16,
    "p_retained_mass": 0.965916289712684,
    "coarse_offdiag_density": 0.06646460631355793,
    "coarse_edge_mass_kept": 0.999993234322298,
    "operator_time_s": 0.06907916700583883,
    "tol": 0.001,
    "n_scenarios": 64,
    "per_scenario_time_s": 0.038937290984904394,
    "target_frac": 0.27,
    "source": "parquet+v_aff",
    "vhat_abs_err_median": 0.030863980625700897,
    "vhat_abs_err_p90": 0.07707181648921338,
    "vhat_abs_err_max": 1.0586283932260288,
    "total_time_s": 0.25767954098409973,
    "status": "PASS"
  },
  "Texas2k_case1_2016summerpeak": {
    "n_bus": 2000,
    "n_boundary": 499,
    "boundary_frac": 0.2495,
    "k_used": 32,
    "p_retained_mass": 0.9854332599389259,
    "coarse_offdiag_density": 0.07199137230283861,
    "coarse_edge_mass_kept": 0.9999682439919083,
    "operator_time_s": 0.10281962499720976,
    "tol": 0.001,
    "n_scenarios": 254,
    "per_scenario_time_s": 0.1578283340204507,
    "target_frac": 0.27,
    "source": "parquet+v_aff",
    "vhat_abs_err_median": 0.01644309590853911,
    "vhat_abs_err_p90": 0.048001364004276084,
    "vhat_abs_err_max": 0.14065994928311434,
    "total_time_s": 0.7862176659982651,
    "status": "PASS"
  },
  "case9241_pegase": {
    "n_bus": 9241,
    "n_boundary": 2904,
    "boundary_frac": 0.3142517043609999,
    "k_used": 16,
    "p_retained_mass": 0.9940877808034526,
    "coarse_offdiag_density": 0.0039272567848022705,
    "coarse_edge_mass_kept": 0.9999991058121085,
    "operator_time_s": 2.9983134169888217,
    "tol": 0.001,
    "source": "mfile",
    "total_time_s": 3.182220624992624,
    "status": "PASS"
  }
}
