{
  "case14_ieee": {
    "sizes": {
      "n_bus": 14,
      "n_gen": 5,
      "e_busbus": 40,
      "n_cbus": 5,
      "e_coarse": 20,
      "nnz_prolong": 50,
      "n_int": 9
    },
    "ks_flops": 361620536,
    "flat_flops_by_depth": {
      "8": 297686816,
      "16": 629102656,
      "32": 1291934336,
      "48": 1954766016
    },
    "matched_flat_depth": 8,
    "matched_ratio_flat_over_ks": 0.8232021867253689,
    "matched_within_0.9_1.1": false
  },
  "case30_ieee": {
    "sizes": {
      "n_bus": 30,
      "n_gen": 6,
      "e_busbus": 82,
      "n_cbus": 6,
      "e_coarse": 30,
      "nnz_prolong": 150,
      "n_int": 24
    },
    "ks_flops": 681922484,
    "flat_flops_by_depth": {
      "8": 595276640,
      "16": 1258008832,
      "32": 2583473216,
      "48": 3908937600
    },
    "matched_flat_depth": 8,
    "matched_ratio_flat_over_ks": 0.8729388661717744,
    "matched_within_0.9_1.1": false
  },
  "case57_ieee": {
    "sizes": {
      "n_bus": 57,
      "n_gen": 7,
      "e_busbus": 160,
      "n_cbus": 7,
      "e_coarse": 34,
      "nnz_prolong": 357,
      "n_int": 50
    },
    "ks_flops": 1207893262,
    "flat_flops_by_depth": {
      "8": 1093693904,
      "16": 2311011136,
      "32": 4745645600,
      "48": 7180280064
    },
    "matched_flat_depth": 8,
    "matched_ratio_flat_over_ks": 0.9054557537551692,
    "matched_within_0.9_1.1": true
  },
  "case118_ieee": {
    "sizes": {
      "n_bus": 118,
      "n_gen": 54,
      "e_busbus": 372,
      "n_cbus": 54,
      "e_coarse": 314,
      "nnz_prolong": 1078,
      "n_int": 64
    },
    "ks_flops": 3327746356,
    "flat_flops_by_depth": {
      "8": 2624434656,
      "16": 5545140096,
      "32": 11386550976,
      "48": 17227961856
    },
    "matched_flat_depth": 8,
    "matched_ratio_flat_over_ks": 0.7886522514758634,
    "matched_within_0.9_1.1": false
  },
  "case500_goc": {
    "sizes": {
      "n_bus": 500,
      "n_gen": 171,
      "e_busbus": 1456,
      "n_cbus": 113,
      "e_coarse": 6670,
      "nnz_prolong": 24881,
      "n_int": 387
    },
    "ks_flops": 14162931710,
    "flat_flops_by_depth": {
      "8": 10573889024,
      "16": 22344457408,
      "32": 45885594176,
      "48": 69426730944
    },
    "matched_flat_depth": 8,
    "matched_ratio_flat_over_ks": 0.7465890001103451,
    "matched_within_0.9_1.1": false
  },
  "case2000_goc": {
    "sizes": {
      "n_bus": 2000,
      "n_gen": 238,
      "e_busbus": 7266,
      "n_cbus": 348,
      "e_coarse": 8026,
      "nnz_prolong": 106076,
      "n_int": 1652
    },
    "ks_flops": 46243102664,
    "flat_flops_by_depth": {
      "8": 38836295040,
      "16": 81993232896,
      "32": 168307108608,
      "48": 254620984320
    },
    "matched_flat_depth": 8,
    "matched_ratio_flat_over_ks": 0.8398289215622602,
    "matched_within_0.9_1.1": false
  },
  "Texas2k_case1_2016summerpeak": {
    "sizes": {
      "n_bus": 2000,
      "n_gen": 431,
      "e_busbus": 6440,
      "n_cbus": 499,
      "e_coarse": 17890,
      "nnz_prolong": 96563,
      "n_int": 1501
    },
    "ks_flops": 52280319866,
    "flat_flops_by_depth": {
      "8": 40268678848,
      "16": 85060812224,
      "32": 174645078976,
      "48": 264229345728
    },
    "matched_flat_depth": 8,
    "matched_ratio_flat_over_ks": 0.7702454566309634,
    "matched_within_0.9_1.1": false
  },
  "case9241_pegase": {
    "sizes": {
      "n_bus": 9241,
      "n_gen": 1445,
      "e_busbus": 32098,
      "n_cbus": 2904,
      "e_coarse": 33108,
      "nnz_prolong": 104296,
      "n_int": 6337
    },
    "ks_flops": 226815974976,
    "flat_flops_by_depth": {
      "8": 182007032912,
      "16": 384340453696,
      "32": 789007295264,
      "48": 1193674136832
    },
    "matched_flat_depth": 8,
    "matched_ratio_flat_over_ks": 0.8024436238728716,
    "matched_within_0.9_1.1": false
  }
}
