{
  "final_train_rmse_vm_pu": 0.0019995366809220454,
  "final_train_rmse_va_rad": 0.004184315661556852,
  "epochs": 3000,
  "train_time_s": 597.6454436250206,
  "config": "FLAT_PF_case14_overfit.yaml (batch 64, cosine 1e-3->1e-5)"
}