{
  "case14_ieee": {
    "n_bus": 14,
    "n_boundary": 5,
    "boundary_frac": 0.35714285714285715,
    "k_used": 5,
    "p_retained_mass": 0.9999999999999998,
    "p_recon_err_median": 0.0,
    "p_recon_err_p90": 0.0,
    "p_escalation": [
      {
        "k": 5,
        "mass": 0.9999999999999998,
        "recon_median": 0.0,
        "recon_p90": 0.0
      }
    ],
    "coarse_offdiag_density": 1.0,
    "coarse_edge_mass_kept": 1.0000000000000002,
    "operator_time_s": 0.009282707993406802,
    "tol": 0.001,
    "n_scenarios": 2048,
    "per_scenario_time_s": 0.6555112919886597,
    "target_frac": 0.27,
    "vhat_abs_err_median": 0.007608671202615555,
    "vhat_abs_err_p90": 0.016350608587423612,
    "vhat_abs_err_max": 0.02983914686565614,
    "status": "PASS",
    "nnz_prolong_before": 50,
    "nnz_prolong_after": 50
  },
  "case30_ieee": {
    "n_bus": 30,
    "n_boundary": 6,
    "boundary_frac": 0.2,
    "k_used": 6,
    "p_retained_mass": 1.0,
    "p_recon_err_median": 0.0,
    "p_recon_err_p90": 0.0,
    "p_escalation": [
      {
        "k": 6,
        "mass": 1.0,
        "recon_median": 0.0,
        "recon_p90": 0.0
      }
    ],
    "coarse_offdiag_density": 1.0,
    "coarse_edge_mass_kept": 1.0,
    "operator_time_s": 0.003143916022963822,
    "tol": 0.001,
    "n_scenarios": 2048,
    "per_scenario_time_s": 0.6621710000035819,
    "target_frac": 0.27,
    "vhat_abs_err_median": 0.015217235808654164,
    "vhat_abs_err_p90": 0.02184059913214653,
    "vhat_abs_err_max": 0.04259051237194438,
    "status": "PASS",
    "nnz_prolong_before": 150,
    "nnz_prolong_after": 150
  },
  "case57_ieee": {
    "n_bus": 57,
    "n_boundary": 7,
    "boundary_frac": 0.12280701754385964,
    "k_used": 7,
    "p_retained_mass": 1.0,
    "p_recon_err_median": 0.0,
    "p_recon_err_p90": 0.0,
    "p_escalation": [
      {
        "k": 7,
        "mass": 1.0,
        "recon_median": 0.0,
        "recon_p90": 0.0
      }
    ],
    "coarse_offdiag_density": 0.8095238095238095,
    "coarse_edge_mass_kept": 0.9999999999999999,
    "operator_time_s": 0.001216166012454778,
    "tol": 0.001,
    "n_scenarios": 2048,
    "per_scenario_time_s": 0.6695284580055159,
    "target_frac": 0.27,
    "vhat_abs_err_median": 0.00857643931191255,
    "vhat_abs_err_p90": 0.01820600122232794,
    "vhat_abs_err_max": 0.039321553069927774,
    "status": "PASS",
    "nnz_prolong_before": 357,
    "nnz_prolong_after": 357
  },
  "case118_ieee": {
    "n_bus": 118,
    "n_boundary": 54,
    "boundary_frac": 0.4576271186440678,
    "k_used": 16,
    "p_retained_mass": 1.0,
    "p_recon_err_median": 0.0,
    "p_recon_err_p90": 0.0,
    "p_escalation": [
      {
        "k": 16,
        "mass": 1.0,
        "recon_median": 0.0,
        "recon_p90": 0.0
      }
    ],
    "coarse_offdiag_density": 0.10971348707197764,
    "coarse_edge_mass_kept": 1.0,
    "operator_time_s": 0.0013285409950185567,
    "tol": 0.001,
    "n_scenarios": 1024,
    "per_scenario_time_s": 0.3420206249866169,
    "target_frac": 0.27,
    "vhat_abs_err_median": 0.0020043359766794247,
    "vhat_abs_err_p90": 0.01183806401882136,
    "vhat_abs_err_max": 0.0351326557282882,
    "status": "PASS",
    "nnz_prolong_before": 1078,
    "nnz_prolong_after": 1078
  },
  "case500_goc": {
    "n_bus": 500,
    "n_boundary": 113,
    "boundary_frac": 0.226,
    "k_used": 64,
    "p_retained_mass": 0.9995018799635743,
    "p_recon_err_median": 0.00022250118982692548,
    "p_recon_err_p90": 0.0017221668374120824,
    "p_escalation": [
      {
        "k": 16,
        "mass": 0.9481352291346208,
        "recon_median": 0.04418796853018936,
        "recon_p90": 0.1182653787911348
      },
      {
        "k": 32,
        "mass": 0.9909408797923424,
        "recon_median": 0.005978467617291535,
        "recon_p90": 0.023590336213190035
      },
      {
        "k": 64,
        "mass": 0.9995018799635743,
        "recon_median": 0.00022250118982692548,
        "recon_p90": 0.0017221668374120824
      }
    ],
    "coarse_offdiag_density": 0.5270227560050569,
    "coarse_edge_mass_kept": 0.9997954165370664,
    "operator_time_s": 0.011834042001282796,
    "tol": 0.001,
    "n_scenarios": 512,
    "per_scenario_time_s": 0.2047602079983335,
    "target_frac": 0.27,
    "vhat_abs_err_median": 0.024813416858739848,
    "vhat_abs_err_p90": 0.06308365260711238,
    "vhat_abs_err_max": 0.21550021986398255,
    "status": "PASS",
    "nnz_prolong_before": 12497,
    "nnz_prolong_after": 24881
  },
  "case2000_goc": {
    "n_bus": 2000,
    "n_boundary": 348,
    "boundary_frac": 0.174,
    "k_used": 64,
    "p_retained_mass": 0.9998286070602213,
    "p_recon_err_median": 3.954383249074584e-05,
    "p_recon_err_p90": 0.000414557621124143,
    "p_escalation": [
      {
        "k": 16,
        "mass": 0.965916289712684,
        "recon_median": 0.024749197058140066,
        "recon_p90": 0.09305755579754743
      },
      {
        "k": 32,
        "mass": 0.9964010060326393,
        "recon_median": 0.0018908505697957925,
        "recon_p90": 0.011327575557292604
      },
      {
        "k": 64,
        "mass": 0.9998286070602213,
        "recon_median": 3.954383249074584e-05,
        "recon_p90": 0.000414557621124143
      }
    ],
    "coarse_offdiag_density": 0.06646460631355793,
    "coarse_edge_mass_kept": 0.999993234322298,
    "operator_time_s": 0.09294179198332131,
    "tol": 0.001,
    "n_scenarios": 64,
    "per_scenario_time_s": 0.03997066701413132,
    "target_frac": 0.27,
    "vhat_abs_err_median": 0.03025556776604836,
    "vhat_abs_err_p90": 0.06352555159287952,
    "vhat_abs_err_max": 1.0763101757610116,
    "status": "PASS",
    "nnz_prolong_before": 26780,
    "nnz_prolong_after": 106076
  },
  "Texas2k_case1_2016summerpeak": {
    "n_bus": 2000,
    "n_boundary": 499,
    "boundary_frac": 0.2495,
    "k_used": 64,
    "p_retained_mass": 0.9980809004618674,
    "p_recon_err_median": 0.0006894818116069234,
    "p_recon_err_p90": 0.005192166678356574,
    "p_escalation": [
      {
        "k": 16,
        "mass": 0.9255866947369272,
        "recon_median": 0.0661585094231551,
        "recon_p90": 0.15206546784166375
      },
      {
        "k": 32,
        "mass": 0.9854332599389259,
        "recon_median": 0.00896638376482656,
        "recon_p90": 0.03261037283794867
      },
      {
        "k": 64,
        "mass": 0.9980809004618674,
        "recon_median": 0.0006894818116069234,
        "recon_p90": 0.005192166678356574
      }
    ],
    "coarse_offdiag_density": 0.07199137230283861,
    "coarse_edge_mass_kept": 0.9999682439919083,
    "operator_time_s": 0.12656737500219606,
    "tol": 0.001,
    "n_scenarios": 254,
    "per_scenario_time_s": 0.16591004200745374,
    "target_frac": 0.27,
    "vhat_abs_err_median": 0.012228667739287408,
    "vhat_abs_err_p90": 0.041106530805276195,
    "vhat_abs_err_max": 0.14213075692835359,
    "status": "PASS",
    "nnz_prolong_before": 48531,
    "nnz_prolong_after": 96563
  },
  "case9241_pegase": {
    "status": "SKIP",
    "reason": "no local scenario data"
  }
}